Jednorożec Lody Tradycyjne;Warszawa;Narbutta 38/32, Stary Mokotów, Warszawa;Cafe,Desserts,Ice Cream,Cash,Takeaway Available,Credit Card,No Alcohol Available,Kid Friendly,Wifi,Desserts and Bakes,Indoor Seating,Pet Friendly;https://b.zmtcdn.com/data/res_imagery/10901321_RESTAURANT_b4d5422346217ece1e1dc4f25fb3061d.jpg?fit=around%7C200%3A200&crop=200%3A200%3B%2A%2C%2A
Bułkę przez Bibułkę;Warszawa;Zgoda 3, Śródmieście Północne, Warszawa;Cafe,Bagels,Cash,Takeaway Available,Credit Card,Breakfast,Kid Friendly,Wifi,Wine,Indoor Seating,Pet Friendly,Beer;https://b.zmtcdn.com/data/res_imagery/10900221_CHAIN_eed508cd2805acc42ce13af62adcf706_c.jpg?fit=around%7C200%3A200&crop=200%3A200%3B%2A%2C%2A
Niezłe Ziółko;Warszawa;Krucza 17, Śródmieście Południowe, Warszawa;Cafe,Healthy Food,Breakfast,Lunch,Credit Card,Takeaway Available,Indoor Seating,Wifi,Vegan Options,Lunch Menu,Outdoor Seating,Pet Friendly;https://b.zmtcdn.com/data/res_imagery/10900109_RESTAURANT_e94946451845ce7aa25fb12826c7d817_c.jpg?fit=around%7C200%3A200&crop=200%3A200%3B%2A%2C%2A
Kubek w Kubek;Warszawa;Grażyny 16, Stary Mokotów, Warszawa;Cafe,Finger Food,Credit Card,Takeaway Available,Breakfast,Lunch,Fullbar,Kid Friendly,Wifi,Vegan Options,Indoor Seating,Pet Friendly,Gluten Free Options,Vegetarian Friendly,Lunch Menu;https://b.zmtcdn.com/data/res_imagery/10901317_RESTAURANT_7656f0c9997477558c4681f11d7af48a.jpg?fit=around%7C200%3A200&crop=200%3A200%3B%2A%2C%2A
Waff'love;Warszawa;Senatorska 28, Śródmieście Północne, Warszawa;Cafe,Desserts,Credit Card,Breakfast,Takeaway Available,Indoor Seating,Outdoor Seating,Pet Friendly,Desserts and Bakes,Table booking not available;https://b.zmtcdn.com/data/res_imagery/10900928_RESTAURANT_cc4b8e3117a6757fd11b6609da4516f8_c.jpg?fit=around%7C200%3A200&crop=200%3A200%3B%2A%2C%2A
Ministerstwo Kawy;Warszawa;Marszałkowska 27/35, Śródmieście Południowe, Warszawa;Cafe,Takeaway Available,Breakfast,Credit Card,Wifi,Gluten Free Options,Wine,Indoor Seating,Pet Friendly;https://b.zmtcdn.com/data/res_imagery/10903190_RESTAURANT_ae4eeb01092439b66e85e4485909473c_c.jpg?fit=around%7C200%3A200&crop=200%3A200%3B%2A%2C%2A
Legal Cakes;Warszawa;Chłodna 2/18, Wola, Warszawa;Desserts,Healthy Food,Cafe,Coffee and Tea,Credit Card,Breakfast,No Alcohol Available,Takeaway Available,Indoor Seating,Pet Friendly,Group Meal,Visa for Credit Card,Beverages,Outdoor Seating,Kid Friendly,Wifi,Desserts and Bakes,MasterCard for Credit Card,AMEX for Credit Card;https://b.zmtcdn.com/data/res_imagery/18075759_RESTAURANT_26d4a95af2fccbd20fa8c6ff4a332b3e_c.jpg?fit=around%7C200%3A200&crop=200%3A200%3B%2A%2C%2A
Prochownia Żoliborz;Warszawa;Czarnieckiego 51, Żoliborz, Warszawa 01-541;Cafe,Takeaway Available,Credit Card,Live Music,Indoor Seating,Wifi,Fullbar,Snacks,Pet Friendly,Board Games;https://b.zmtcdn.com/data/res_imagery/10900843_RESTAURANT_f1b71aa665deaff57db6dbcd4b13fc99_c.jpg?fit=around%7C200%3A200&crop=200%3A200%3B%2A%2C%2A
Stor;Warszawa;Tamka 33, Powiśle, Warszawa;Cafe,Credit Card,Breakfast,Fullbar,Pet Friendly,Indoor Seating,Wifi;https://b.zmtcdn.com/data/res_imagery/10903415_RESTAURANT_7e07d467e7f3018f92b663dd4d8bfcaa_c.jpg?fit=around%7C200%3A200&crop=200%3A200%3B%2A%2C%2A
Batida;Warszawa;Marszałkowska 53, Śródmieście Południowe, Warszawa;Cafe,Desserts,Cash,Delivery,Breakfast,Credit Card,Takeaway Available,Gluten Free Options,Desserts and Bakes,Fullbar,Indoor Seating,Kid Friendly,Wifi,Vegetarian Friendly;https://b.zmtcdn.com/data/res_imagery/10900695_CHAIN_0fa287a2edc579bf590a47d351e1bd4e.jpg?fit=around%7C200%3A200&crop=200%3A200%3B%2A%2C%2A
Lukullus;Warszawa;Walecznych 29, Saska Kępa, Warszawa;Desserts,Cafe,Credit Card,Takeaway Available,No Alcohol Available,Kid Friendly,Desserts and Bakes,Indoor Seating,Wifi;https://b.zmtcdn.com/data/res_imagery/10900175_CHAIN_b8f284cee59ad41725678036332cc645.jpg?fit=around%7C200%3A200&crop=200%3A200%3B%2A%2C%2A
Relax Cafe Bar;Warszawa;Złota 8A, Śródmieście Północne, Warszawa;Finger Food,Cafe,Credit Card,Breakfast,Indoor Seating,Wifi,Nightlife,Pet Friendly,Board Games,Beer;https://b.zmtcdn.com/data/res_imagery/10900371_RESTAURANT_a7a9cdc4153e25736c9ab3a45aa9e132_c.jpg?fit=around%7C200%3A200&crop=200%3A200%3B%2A%2C%2A
Warszawa Powiśle;Warszawa;Kruczkowskiego 3B, Powiśle, Warszawa;Finger Food,Cafe,Polish,Credit Card,Lunch,Cash,Breakfast,Live Music,Outdoor Seating,Pet Friendly,Vegetarian Friendly,Nightlife,Snacks,Indoor Seating,Wifi,Lunch Menu,Fullbar;https://b.zmtcdn.com/data/res_imagery/10903776_RESTAURANT_174b5f8bcd75856a539f928bbaf4bbde_c.jpg?fit=around%7C200%3A200&crop=200%3A200%3B%2A%2C%2A
Secret Life Cafe;Warszawa;Słowackiego 15/19, Żoliborz, Warszawa;Cafe,Credit Card,Breakfast,Kid Friendly,Wifi,Gluten Free Options,Board Games,Beer,Indoor Seating,Pet Friendly,Wine;https://b.zmtcdn.com/data/res_imagery/10900875_RESTAURANT_20c926b1772d98eb4974a0e8b72ce433_c.jpg?fit=around%7C200%3A200&crop=200%3A200%3B%2A%2C%2A
Pijalnia Czekolady Wedel - Szpitalna;Warszawa;Szpitalna 8, Śródmieście Północne, Warszawa;Desserts,Cafe,Credit Card,Takeaway Available,Breakfast,Indoor Seating,Wifi,Desserts and Bakes,Kid Friendly,Fullbar;https://b.zmtcdn.com/data/res_imagery/10900512_CHAIN_5708456493641c867b8b576382737029.jpg?fit=around%7C200%3A200&crop=200%3A200%3B%2A%2C%2A
Roślina;Warszawa;Schroegera 80, Bielany, Warszawa;Cafe,Healthy Food,Credit Card,Takeaway Available,Breakfast,Lunch,Indoor Seating,Pet Friendly,Lunch Menu,Beer,Outdoor Seating,Kid Friendly,Wifi,Vegan Options,Wine;https://b.zmtcdn.com/data/res_imagery/10903553_RESTAURANT_0ad9c97948826f82469d2a9cd10330ac_c.jpg?fit=around%7C200%3A200&crop=200%3A200%3B%2A%2C%2A
Wrzenie Świata;Warszawa;Gałczyńskiego 7, Śródmieście Północne, Warszawa;Cafe,Credit Card,Breakfast,Kid Friendly,Pet Friendly,Vegan Options,Wine,Indoor Seating,Wifi,Vegetarian Friendly,Beer;https://b.zmtcdn.com/data/res_imagery/10900335_RESTAURANT_750a3fa9c71a965bec50aa33b010b63c_c.jpg?fit=around%7C200%3A200&crop=200%3A200%3B%2A%2C%2A
Karmello;Warszawa;Chmielna 11, Śródmieście Północne, Warszawa;Desserts,Cafe,Credit Card,Indoor Seating,Desserts and Bakes,Outdoor Seating,Wifi;https://b.zmtcdn.com/data/res_imagery/10900198_RESTAURANT_337a7102fd8a0c95d985a3e476e413cd_c.jpg?fit=around%7C200%3A200&crop=200%3A200%3B%2A%2C%2A
Krem;Warszawa;Śniadeckich 18, Śródmieście Południowe, Warszawa;Cafe,French,No Alcohol Available,Credit Card,Wifi,Snacks,Indoor Seating;https://b.zmtcdn.com/data/res_imagery/18435260_RESTAURANT_285ea5f9848807aa47268ef5aae6d5b9.jpg?fit=around%7C200%3A200&crop=200%3A200%3B%2A%2C%2A
N Ice Cream Factory;Warszawa;Chmielna 9, Śródmieście Północne, Warszawa;Cafe,Ice Cream,No Alcohol Available,Takeaway Available,Credit Card,Desserts and Bakes,Beverages,Outdoor Seating,Snacks,Indoor Seating;https://b.zmtcdn.com/data/res_imagery/18319547_RESTAURANT_b4eb3af74a4f7f537fc4435e6fc4c0ed.jpg?fit=around%7C200%3A200&crop=200%3A200%3B%2A%2C%2A
Uki Uki;Warszawa;Krucza 23/31, Śródmieście Południowe, Warszawa;Japanese,Asian,Dinner,Credit Card,Lunch,Beer,Pet Friendly,Wine,Indoor Seating;https://b.zmtcdn.com/data/res_imagery/10903683_RESTAURANT_7c66369c716c1130ecc04db712e39a8b.jpg?fit=around%7C200%3A200&crop=200%3A200%3B%2A%2C%2A
Ciao a Tutti;Warszawa;Aleja Niepodległości 217, Ochota, Warszawa;Pizza,Italian,Credit Card,Takeaway Available,Lunch,Serves Alcohol,Dinner,Wifi,Indoor Seating,Fullbar;https://b.zmtcdn.com/data/res_imagery/10903482_RESTAURANT_3f42d8e6ccceadb9d91cec608ea9063b_c.jpg?fit=around%7C200%3A200&crop=200%3A200%3B%2A%2C%2A
La Sirena;Warszawa;Piękna 54, Śródmieście Południowe, Warszawa;Tex-Mex,Cash,Lunch,Credit Card,Dinner,Snacks,Indoor Seating,Fullbar;https://b.zmtcdn.com/data/res_imagery/18290436_RESTAURANT_b1c8afe968fb3c691295489f74f4a8cf.jpg?fit=around%7C200%3A200&crop=200%3A200%3B%2A%2C%2A
Pełną Parą;Warszawa;Sienna 76, Wola, Warszawa;Chinese,Asian,Credit Card,Takeaway Available,Lunch,Delivery,Dinner,Kid Friendly,Wifi,Wine,Indoor Seating,Pet Friendly,Vegan Options,Beer;https://b.zmtcdn.com/data/res_imagery/10903503_RESTAURANT_073c5bfdbbc853de3481eaaa7ee91661_c.jpg?fit=around%7C200%3A200&crop=200%3A200%3B%2A%2C%2A
GringoBar;Warszawa;Odolańska 15, Stary Mokotów, Warszawa;Tex-Mex,Mexican,Credit Card,Takeaway Available,Dinner,Delivery,Breakfast,Lunch,Indoor Seating,Wifi,Fullbar,Pet Friendly,Table booking not available;https://b.zmtcdn.com/data/res_imagery/10903306_RESTAURANT_68b4574996852d3afd6a01d4df36801a.jpg?fit=around%7C200%3A200&crop=200%3A200%3B%2A%2C%2A
Shipudei Berek;Warszawa;Jasna 24, Śródmieście Północne, Warszawa;Israeli,Credit Card,Lunch,Serves Alcohol,Breakfast,Dinner,Fullbar,Indoor Seating,Pet Friendly;https://b.zmtcdn.com/data/res_imagery/18135105_RESTAURANT_8e0b2aa85c12596e4f4bd546eea2fde1.jpg?fit=around%7C200%3A200&crop=200%3A200%3B%2A%2C%2A
Soul Kitchen Bistro;Warszawa;Nowogrodzka 18A, Śródmieście Południowe, Warszawa;European,Credit Card,Lunch,Cash,Dinner,Live Music,Indoor Seating,Street Parking,Wifi;https://b.zmtcdn.com/data/res_imagery/17877587_RESTAURANT_8e733088b54778cf320b2fbc2a525a9b.jpg?fit=around%7C200%3A200&crop=200%3A200%3B%2A%2C%2A
Pogromcy Meatów;Warszawa;Koszykowa 1, Śródmieście Południowe, Warszawa;Grill,Steak,Credit Card,Takeaway Available,Lunch,No Alcohol Available,Dinner,Indoor Seating,Outdoor Seating;https://b.zmtcdn.com/data/res_imagery/18025328_RESTAURANT_95652ae25445fd0482ba385cce898734_c.jpg?fit=around%7C200%3A200&crop=200%3A200%3B%2A%2C%2A
Thaisty;Warszawa;Plac Bankowy 4, Śródmieście Północne, Warszawa;Thai,Credit Card,Lunch,Dinner,Indoor Seating,Pet Friendly,Outdoor Seating,Kid Friendly,Wifi,Fullbar;https://b.zmtcdn.com/data/res_imagery/10903682_RESTAURANT_3603cdfb5c21a23b9c2234f911d0efb2.jpg?fit=around%7C200%3A200&crop=200%3A200%3B%2A%2C%2A
Wi -Taj;Warszawa;Plac Konstytucji 4, Śródmieście Południowe, Warszawa;Thai,Vietnamese,Cash,Takeaway Available,Lunch,Credit Card,Dinner,Indoor Seating,Fullbar,Outdoor Seating;https://b.zmtcdn.com/data/res_imagery/18269765_RESTAURANT_d59d7b60f44638cff7e8d16530bfab6d.jpg?fit=around%7C200%3A200&crop=200%3A200%3B%2A%2C%2A
Rani;Warszawa;Aleja Komisji Edukacji Narodowej 48, Ursynów, Warszawa 02-797;Indian,Credit Card,Delivery,Lunch,Serves Alcohol,Takeaway Available,Dinner,Pet Friendly,Wine,Outdoor Seating,Wifi,Lunch Menu,Beer;https://b.zmtcdn.com/data/res_imagery/10901936_RESTAURANT_118a4976ef62e2aaff46d6f04d3f57a9.jpg?fit=around%7C200%3A200&crop=200%3A200%3B%2A%2C%2A
MOD;Warszawa;Oleandrów 8, Śródmieście Południowe, Warszawa;Asian,French,Donuts,Lunch,Credit Card,Dinner,Fullbar,Pet Friendly,Indoor Seating,Wifi,Desserts and Bakes;https://b.zmtcdn.com/data/res_imagery/18009500_RESTAURANT_d57f63c10088372c9593867480f6a339.jpg?fit=around%7C200%3A200&crop=200%3A200%3B%2A%2C%2A
Semolino;Warszawa;Woronicza 31, Mokotów, Warszawa;Italian,Pizza,Credit Card,Lunch,Dinner,Indoor Seating,Pet Friendly,Kid Friendly,Wifi,Fullbar;https://b.zmtcdn.com/data/res_imagery/10903958_RESTAURANT_82bfc73cc3c03c65bafe6f8c3031a494_c.jpg?fit=around%7C200%3A200&crop=200%3A200%3B%2A%2C%2A
Mizu;Warszawa;Duchnicka 3 bud 4 wejście D 01-796;Japanese,Sushi,Cash,Delivery,Dinner,Serves Alcohol,Credit Card,Takeaway Available,Lunch,Outdoor Seating,Table reservation required,Kid Friendly,Luxury Dining,Smoking Area,Gluten Free Options,Vegetarian Friendly,Group Meal,Fullbar,Visa for Credit Card,Free Parking,Indoor Seating,Air Conditioned,Disabled Friendly,Private Dining Area Available,Wifi,Vegan Options,MasterCard for Credit Card;https://b.zmtcdn.com/data/res_imagery/18250644_CHAIN_c29f165a2953c53a05de4f2fdeb3eb25.jpg?fit=around%7C200%3A200&crop=200%3A200%3B%2A%2C%2A
Der Elefant;Warszawa;Plac Bankowy 1, Śródmieście Północne, Warszawa;Seafood,Steak,Burger,International,Takeaway Available,Lunch,Credit Card,Dinner,Live Music,Outdoor Seating,Kid Friendly,Wifi,Lunch Menu,Indoor Seating,Disabled Friendly,Fullbar;https://b.zmtcdn.com/data/res_imagery/10901849_RESTAURANT_98d56f8c18a5377b466d3ea2e59a50e2.jpg?fit=around%7C200%3A200&crop=200%3A200%3B%2A%2C%2A
Barn Burger;Warszawa;Złota 9, Śródmieście Północne, Warszawa;American,Burger,Dinner,Credit Card,Takeaway Available,Lunch,Sports Bar,Indoor Seating,Outdoor Seating,Beer;https://b.zmtcdn.com/data/res_imagery/10900324_RESTAURANT_b3a3829457d96d80655b7e07afa2b6fb_c.jpg?fit=around%7C200%3A200&crop=200%3A200%3B%2A%2C%2A
Dziurka od Klucza;Warszawa;Radna 13, Powiśle, Warszawa;Italian,Credit Card,Dinner,Takeaway Available,Lunch,Indoor Seating,Pet Friendly,Gluten Free Options,Fullbar,Outdoor Seating,Kid Friendly,Wifi,Lunch Menu;https://b.zmtcdn.com/data/res_imagery/16526630_RESTAURANT_481e59027269d83a4004c96f4d1c3161_c.jpg?fit=around%7C200%3A200&crop=200%3A200%3B%2A%2C%2A
Shuk;Warszawa;Grójecka 107, Ochota, Warszawa 02-101;International,Lunch,Cash,Dinner,Credit Card,Indoor Seating,Fullbar;https://b.zmtcdn.com/data/res_imagery/18353767_RESTAURANT_3252131616a22ac98b330f4959d51349.JPG?fit=around%7C200%3A200&crop=200%3A200%3B%2A%2C%2A
Spacca Napoli;Warszawa;Świętokrzyska 30, Śródmieście Północne, Warszawa;Pizza,Italian,Takeaway Available,Dinner,Credit Card,Lunch,Wifi,Fullbar,Kid Friendly,Pet Friendly,Lunch Menu,Indoor Seating;https://b.zmtcdn.com/data/res_imagery/10901094_RESTAURANT_6ba5f17648e77fea06ffb987d8235f68.jpg?fit=around%7C200%3A200&crop=200%3A200%3B%2A%2C%2A
Naam Thai;Warszawa;Saska 16, Saska Kępa, Warszawa;Thai,Credit Card,Lunch,Serves Alcohol,Takeaway Available,Dinner,Lunch Menu,Outdoor Seating,Fullbar,Pet Friendly;https://b.zmtcdn.com/data/res_imagery/10900690_RESTAURANT_79b0ec410ca7b863077385bf294723f3_c.jpg?fit=around%7C200%3A200&crop=200%3A200%3B%2A%2C%2A
Szeroka No. 9;Toruń;Szeroka 9, Toruń, Toruń 87-100;Polish,European,Cafe,Credit Card,Lunch,Serves Alcohol,Dinner,Kid Friendly,Pet Friendly,Vegetarian Friendly,Outdoor Seating,Disabled Friendly,Wifi,Group Meal;https://b.zmtcdn.com/data/reviews_photos/43f/6e6dde5ee6cd0a4c1fe6304ec1f1443f_1500846832.jpg?fit=around%7C200%3A200&crop=200%3A200%3B%2A%2C%2A
Cukiernia Lenkiewicz;Toruń;Rynek Staromiejski 33/34, Toruń, Toruń 87-100;International,Desserts,Cafe,Credit Card,Dinner,Lunch,Serves Alcohol,Kid Friendly,Pet Friendly,Vegetarian Friendly,Group Meal,Outdoor Seating,Disabled Friendly,Wifi,Desserts and Bakes;https://b.zmtcdn.com/data/reviews_photos/2bd/0c2fece313bb3526ada94f7159e852bd_1450395945.jpg?fit=around%7C200%3A200&crop=200%3A200%3B%2A%2C%2A
Kawiarnia Lenkiewicz;Toruń;Wielkie Garbary 14, Toruń, Toruń 87-100;Desserts,Cafe,Credit Card,Lunch,Serves Alcohol,Dinner,Outdoor Seating,Disabled Friendly,Wifi,Desserts and Bakes,Free Parking,Kid Friendly,Pet Friendly,Group Meal;https://b.zmtcdn.com/data/reviews_photos/306/23b6bcda35de2729c53a66e6a9f76306_1502349138.jpg?impolicy=newcropandfit&cropw=2448&croph=2448&cropoffsetx=0&cropoffsety=0&cropgravity=NorthWest&fitw=200&fith=200&fittype=ignore
Central Coffee Perks;Toruń;Strumykowa 2, Toruń, Toruń 87-100;Desserts,Cafe,Credit Card,Lunch,Dinner,Kid Friendly,Wifi,Group Meal,Indoor Seating,Pet Friendly;https://b.zmtcdn.com/data/reviews_photos/a9a/ccdc05a732f817acc46a8848b2156a9a_1485781954.jpg?fit=around%7C200%3A200&crop=200%3A200%3B%2A%2C%2A
Coffee & Whisky House;Toruń;św. Ducha 3, Toruń, Toruń 87-100;International,Cafe,Credit Card,Lunch,Serves Alcohol,Dinner,Indoor Seating,Group Meal;https://b.zmtcdn.com/data/reviews_photos/5d1/a2f9629f82320b5a99e13088b777c5d1_1472302448.jpg?fit=around%7C200%3A200&crop=200%3A200%3B%2A%2C%2A
Kawiarnia Atmosphera;Toruń;Panny Marii 3, Toruń, Toruń 87-100;Desserts,Cafe,Tea,Credit Card,Dinner,Lunch,Serves Alcohol,Kid Friendly,Wifi,Group Meal,Indoor Seating,Pet Friendly;
Cukiernia Franciszek Pokojski;Toruń;Szeroka 46, Toruń, Toruń 87-100;Desserts,Cafe,Dinner,Outdoor Seating,Disabled Friendly,Wifi,Vegetarian Friendly,Group Meal,Kid Friendly,Pet Friendly,Desserts and Bakes;https://b.zmtcdn.com/data/reviews_photos/0e3/e7beff56810bf0853d9795489b1de0e3_1459062375.jpg?fit=around%7C200%3A200&crop=200%3A200%3B%2A%2C%2A
Cafe Relaks;Toruń;Szewska 4, Toruń, Toruń 87-100;Polish,Desserts,Cafe,Dinner,Indoor Seating,Group Meal,Vegetarian Friendly;https://b.zmtcdn.com/data/reviews_photos/efa/e2e631203de22adfa907998f73436efa_1518033144.jpg?fit=around%7C200%3A200&crop=200%3A200%3B%2A%2C%2A
Cafe Molus;Toruń;Rynek Staromiejski 36/38, Toruń, Toruń 87-100;Desserts,Cafe,Ice Cream,Credit Card,Lunch,Serves Alcohol,Dinner,Kid Friendly,Outdoor Seating,Vegetarian Friendly;
Snackarnia;Toruń;Przedzamcze 18, Toruń, Toruń;Cafe,Finger Food,Credit Card,Wifi,Indoor Seating;https://b.zmtcdn.com/data/reviews_photos/6a3/616c815ea34a5491888cffcc7ac976a3_1508826553.jpg?fit=around%7C200%3A200&crop=200%3A200%3B%2A%2C%2A
Bar Studencki Adaś;Toruń;Gagarina 13, Toruń, Toruń 87-100;Polish,Desserts,Kebab,Finger Food,Cafe,Dinner,Free Parking,Kid Friendly,Pet Friendly,Vegetarian Friendly,Indoor Seating,Disabled Friendly,Wifi,Group Meal;
Fonte;Toruń;Warszawska 4, Toruń, Toruń;Cafe,Takeaway Available,Indoor Seating;https://b.zmtcdn.com/data/reviews_photos/977/328cc330575f64a9facb82209ea0f977_1433955132.jpg?fit=around%7C200%3A200&crop=200%3A200%3B%2A%2C%2A
Queensland Caffe;Toruń;Rynek Staromiejski 36/38, Toruń, Toruń 87-100;Desserts,Cafe,Credit Card,Serves Alcohol,Dinner,Kid Friendly,Smoking Area,Group Meal,Indoor Seating,Pet Friendly;
Od dechy do dechy;Toruń;Ducha świętego 8, Toruń;Cafe,Credit Card,Takeaway Available,Beverages,Indoor Seating,Fullbar,Snacks;https://b.zmtcdn.com/data/reviews_photos/ca0/db38b4c36179e5cfaf922b9a50d91ca0_1464965047.jpg?impolicy=newcropandfit&cropw=2448&croph=2448&cropoffsetx=459&cropoffsety=0&cropgravity=NorthWest&fitw=200&fith=200&fittype=ignore
Bistro Klonowica;Toruń;Klonowica 37, Toruń, Toruń;Cafe,Polish,Credit Card,Serves Alcohol,Indoor Seating,Kid Friendly,Group Meal,Beer,Outdoor Seating,Air Conditioned,Wifi,Desserts and Bakes,Wine;https://b.zmtcdn.com/data/reviews_photos/b43/33adcdf17df915be647d27b1fee20b43_1515059628.jpg?fit=around%7C200%3A200&crop=200%3A200%3B%2A%2C%2A
Hanza Cafe;Toruń;Piekary 28, Toruń, Toruń 87-100;Desserts,Cafe,Lunch,Serves Alcohol,Dinner,Indoor Seating,Wifi,Kid Friendly,Vegetarian Friendly;
Zachcianka;Toruń;Rynek Nowomiejski 1, Toruń;European,Cafe,Polish,Credit Card,Dinner,Indoor Seating,Outdoor Seating,Fullbar;https://b.zmtcdn.com/data/reviews_photos/f01/396eaac2f3649540c1f0e0cca04fcf01_1477671396.jpg?fit=around%7C200%3A200&crop=200%3A200%3B%2A%2C%2A
Cafe Molus;Toruń;ul. Długa 12, Toruń, Toruń 87-100;Desserts,Cafe,Desserts and Bakes;
coffeeheaven;Toruń;Broniewskiego 90, Toruń, Toruń 87-100;Desserts,Finger Food,International,Cafe;
Doppio Cafe Bistro;Toruń;Wały Generała Sikorskiego 19, Toruń, Toruń 87-100;Finger Food,Desserts,Healthy Food,American,Cafe,Credit Card,Dinner,Kid Friendly,Vegetarian Friendly,Outdoor Seating,Disabled Friendly,Group Meal;
Restauracja Luizjana;Toruń;Mostowa 10/1, Toruń, Toruń 87-100;American,Caribbean,French,Credit Card,Delivery,Dinner,Lunch,Indoor Seating,Group Meal,Free Parking,Kid Friendly,Wifi,Vegetarian Friendly;https://b.zmtcdn.com/data/reviews_photos/4fa/19b01f5ce5dbc0eda7ca345db53944fa_1489942315.jpg?fit=around%7C200%3A200&crop=200%3A200%3B%2A%2C%2A
Stare Metropolis;Toruń;Łazienna 26, Toruń;Polish,Italian,Grill,Pizza,Credit Card,Lunch,Serves Alcohol,Delivery,Dinner,Indoor Seating,Disabled Friendly,Wifi,Live Sports Screening,Free Parking,Kid Friendly,Pet Friendly,Lunch Menu;https://b.zmtcdn.com/data/reviews_photos/182/73c90bdb11da5e3a42eb485ec8fd7182_1469539493.JPG?fit=around%7C200%3A200&crop=200%3A200%3B%2A%2C%2A
Jan Olbracht Browar Staromiejski;Toruń;Szczytna 15, Toruń, Toruń 87-100;Polish,German,Dinner,Credit Card,Lunch,Live Music,Free Parking,Kid Friendly,Vegetarian Friendly,Live Sports Screening,Outdoor Seating,Pet Friendly,Group Meal;https://b.zmtcdn.com/data/reviews_photos/852/9484407ce03806c26e30d88d32ab7852_1549949238.jpg?fit=around%7C200%3A200&crop=200%3A200%3B%2A%2C%2A
Pierogarnia Stary Młyn;Toruń;Łazienna 28/1, Toruń, Toruń 87-100;Polish,Credit Card,Lunch,Delivery,Dinner,Outdoor Seating,Disabled Friendly,Wifi,Vegetarian Friendly,Free Parking,Kid Friendly,Pet Friendly,Group Meal;https://b.zmtcdn.com/data/reviews_photos/17b/19dfa9cb79f0b2773c58415a609d817b_1550512136.jpg?fit=around%7C200%3A200&crop=200%3A200%3B%2A%2C%2A
Stare Metropolis;Toruń;Podmurna 28, Toruń;Polish,Italian,Grill,Pizza,Credit Card,Lunch,Serves Alcohol,Dinner,Indoor Seating,Pet Friendly,Lunch Menu,Free Parking,Kid Friendly,Wifi,Live Sports Screening;https://b.zmtcdn.com/data/reviews_photos/6fd/b4cd9bc1218f40cfbf8f300ac2e746fd_1469628768.JPG?fit=around%7C200%3A200&crop=200%3A200%3B%2A%2C%2A
Royal India;Toruń;Prosta 19, Toruń, Toruń;Indian,Grill,Desserts,Finger Food,Credit Card,Delivery,Dinner,Lunch,Serves Alcohol,Indoor Seating,Vegetarian Friendly,Free Parking,Kid Friendly,Wifi;https://b.zmtcdn.com/data/res_imagery/16538355_RESTAURANT_ec108da18d670b118ae3726d05f2a472_c.jpg?fit=around%7C200%3A200&crop=200%3A200%3B%2A%2C%2A
Szeroka No. 9;Toruń;Szeroka 9, Toruń, Toruń 87-100;Polish,European,Cafe,Credit Card,Lunch,Serves Alcohol,Dinner,Kid Friendly,Pet Friendly,Vegetarian Friendly,Outdoor Seating,Disabled Friendly,Wifi,Group Meal;https://b.zmtcdn.com/data/reviews_photos/43f/6e6dde5ee6cd0a4c1fe6304ec1f1443f_1500846832.jpg?fit=around%7C200%3A200&crop=200%3A200%3B%2A%2C%2A
Cukiernia Lenkiewicz;Toruń;Rynek Staromiejski 33/34, Toruń, Toruń 87-100;International,Desserts,Cafe,Credit Card,Dinner,Lunch,Serves Alcohol,Kid Friendly,Pet Friendly,Vegetarian Friendly,Group Meal,Outdoor Seating,Disabled Friendly,Wifi,Desserts and Bakes;https://b.zmtcdn.com/data/reviews_photos/2bd/0c2fece313bb3526ada94f7159e852bd_1450395945.jpg?fit=around%7C200%3A200&crop=200%3A200%3B%2A%2C%2A
Pub i Restauracja Manekin;Toruń;Wysoka 5, Toruń, Toruń 87-100;Others,Delivery,Lunch,Serves Alcohol,Credit Card,Dinner,Vegetarian Friendly,Kid Friendly,Pet Friendly,Group Meal,Indoor Seating,Cigar Bar,Smoking Area;https://b.zmtcdn.com/data/reviews_photos/414/e69e5a97e11eca404983444ff76bd414_1474118313.jpg?fit=around%7C200%3A200&crop=200%3A200%3B%2A%2C%2A
Chleb i Wino;Toruń;Rynek Staromiejski 22, Toruń, Toruń 87-100;Italian,Finger Food,Desserts,Healthy Food,Pizza,Credit Card,Lunch,Serves Alcohol,Dinner,Kid Friendly,Wifi,Group Meal,Outdoor Seating,Smoking Area,Vegetarian Friendly;https://b.zmtcdn.com/data/reviews_photos/cf5/b955f3ad45bbdf5711b5a14620af7cf5_1515160563.jpg?impolicy=newcropandfit&cropw=3024&croph=3024&cropoffsetx=0&cropoffsety=0&cropgravity=NorthWest&fitw=200&fith=200&fittype=ignore
Kawiarnia Lenkiewicz;Toruń;Wielkie Garbary 14, Toruń, Toruń 87-100;Desserts,Cafe,Credit Card,Lunch,Serves Alcohol,Dinner,Outdoor Seating,Disabled Friendly,Wifi,Desserts and Bakes,Free Parking,Kid Friendly,Pet Friendly,Group Meal;https://b.zmtcdn.com/data/reviews_photos/306/23b6bcda35de2729c53a66e6a9f76306_1502349138.jpg?impolicy=newcropandfit&cropw=2448&croph=2448&cropoffsetx=0&cropoffsety=0&cropgravity=NorthWest&fitw=200&fith=200&fittype=ignore
Cukiernia Sowa;Toruń;ul. Rynek Staromiejski 4, Toruń, Toruń 87-100;International,Finger Food,Healthy Food,Credit Card,Dinner,Lunch,Serves Alcohol,Kid Friendly,Wifi,Group Meal,Outdoor Seating,Pet Friendly,Vegetarian Friendly,Live Sports Screening;https://b.zmtcdn.com/data/reviews_photos/d4f/380b657feffafe65c2543d9ab1960d4f_1549144858.JPG?fit=around%7C200%3A200&crop=200%3A200%3B%2A%2C%2A
Pierogarnia Stary Toruń;Toruń;Most Pauliński 2-10, Toruń, Toruń;Polish,Credit Card,Delivery,Lunch,Dinner,Outdoor Seating,Free Parking,Pet Friendly,Group Meal;https://b.zmtcdn.com/data/reviews_photos/84a/e78e67d737c3d16cf438a48ddeaba84a_1561835839.jpg?fit=around%7C200%3A200&crop=200%3A200%3B%2A%2C%2A
Widelec;Toruń;Sienkiewicza 39, Toruń, Toruń 87-100;American,Grill,Credit Card,Lunch,Serves Alcohol,Delivery,Dinner,Outdoor Seating,Disabled Friendly,Smoking Area,Group Meal,Free Parking,Kid Friendly,Pet Friendly,Vegetarian Friendly;https://b.zmtcdn.com/data/reviews_photos/45d/1f4151cbf7464712d41f908e52e9245d_1499456900.jpg?fit=around%7C200%3A200&crop=200%3A200%3B%2A%2C%2A
Pizzeria Piccolo;Toruń;Prosta 20, Toruń 87-100;Pizza,Cash,No Alcohol Available,Dinner,Lunch,Free Parking,Kid Friendly,Vegetarian Friendly,Indoor Seating,Pet Friendly,Group Meal;https://b.zmtcdn.com/data/reviews_photos/91f/5c0a89e762f6ca365176896ded93891f_1460825043.jpg?fit=around%7C200%3A200&crop=200%3A200%3B%2A%2C%2A
Central Coffee Perks;Toruń;Strumykowa 2, Toruń, Toruń 87-100;Desserts,Cafe,Credit Card,Lunch,Dinner,Kid Friendly,Wifi,Group Meal,Indoor Seating,Pet Friendly;https://b.zmtcdn.com/data/reviews_photos/a9a/ccdc05a732f817acc46a8848b2156a9a_1485781954.jpg?fit=around%7C200%3A200&crop=200%3A200%3B%2A%2C%2A
Piąta Klepka;Toruń;Podmurna 34, Toruń, Toruń 87-100;Polish,Dinner,Lunch,Serves Alcohol,Indoor Seating,Cigar Bar,Vegetarian Friendly,Kid Friendly,Smoking Area;
Kona Coast Cafe II;Toruń;Chełmińska 18, Toruń, Toruń;International,Mediterranean,Finger Food,Serves Alcohol,Credit Card,Lunch,Dinner,Outdoor Seating,Pet Friendly,Vegetarian Friendly,Free Parking,Kid Friendly,Wifi,Group Meal;https://b.zmtcdn.com/data/reviews_photos/b52/b4f04160e765c3bc908777fed423bb52_1470506198.jpg?fit=around%7C200%3A200&crop=200%3A200%3B%2A%2C%2A
Coffee & Whisky House;Toruń;św. Ducha 3, Toruń, Toruń 87-100;International,Cafe,Credit Card,Lunch,Serves Alcohol,Dinner,Indoor Seating,Group Meal;https://b.zmtcdn.com/data/reviews_photos/5d1/a2f9629f82320b5a99e13088b777c5d1_1472302448.jpg?fit=around%7C200%3A200&crop=200%3A200%3B%2A%2C%2A
Pueblo;Toruń;Mostowa 7, Toruń;Tex-Mex,Mexican,American,Serves Alcohol,Credit Card,Lunch,Dinner,Indoor Seating,Fullbar;https://b.zmtcdn.com/data/reviews_photos/d03/16ae99e52cd67c1fa5600dcd75c25d03_1489943188.jpg?fit=around%7C200%3A200&crop=200%3A200%3B%2A%2C%2A
Kawiarnia Pikawa;Gdańsk;Piwna 15, Śródmieście, Gdańsk 80-831;Desserts,Cafe,Dinner,Credit Card,Lunch,Serves Alcohol,Wifi,Group Meal,Kid Friendly,Disabled Friendly,Vegetarian Friendly,Outdoor Seating,Cigar Bar,Pet Friendly;https://b.zmtcdn.com/data/reviews_photos/67a/0913d62f227a808c79c0e8badf6f767a_1543354927.jpg?fit=around%7C200%3A200&crop=200%3A200%3B%2A%2C%2A
Cafe Bar Mon Balzac;Gdańsk;Piwna 36/39, Śródmieście, Gdańsk 80-831;International,Cafe,Credit Card,Dinner,Serves Alcohol,Kid Friendly,Pet Friendly,Vegetarian Friendly,Outdoor Seating,Cigar Bar,Wifi,Group Meal;https://b.zmtcdn.com/data/reviews_photos/0fb/eaf91d9da625e97cf05bc34a4fdcb0fb_1481022893.jpg?fit=around%7C200%3A200&crop=200%3A200%3B%2A%2C%2A
Anima Cafe;Gdańsk;św. Ducha 11/13/17, Śródmieście, Gdańsk;Cafe,Credit Card,Lunch,Breakfast,Dinner,Indoor Seating;https://b.zmtcdn.com/data/reviews_photos/06e/0e5f304437159004aed60a6a6c65b06e_1507119973.JPG?fit=around%7C200%3A200&crop=200%3A200%3B%2A%2C%2A
Kawiarnia Retro;Gdańsk;Piwna 5/6, Śródmieście, Gdańsk 80-831;Polish,Italian,Desserts,Cafe,Credit Card,Dinner,Serves Alcohol,Kid Friendly,Vegetarian Friendly,Outdoor Seating,Pet Friendly,Group Meal;https://b.zmtcdn.com/data/reviews_photos/000/0745c4ecffbf739bcf3932a3aba6e000_1481468217.jpg?fit=around%7C200%3A200&crop=200%3A200%3B%2A%2C%2A
Lula Drink & Food;Gdańsk;Norwida 4, Strzyża, Gdańsk 80-280;Desserts,Healthy Food,Cafe,Dinner,Credit Card,Lunch,Serves Alcohol,Disabled Friendly,Wifi,Group Meal,Indoor Seating,Kid Friendly,Pet Friendly,Vegetarian Friendly,Free Parking;https://b.zmtcdn.com/data/reviews_photos/ab0/bb6b83b36455beeede7a280c12040ab0_1467554811.jpg?fit=around%7C200%3A200&crop=200%3A200%3B%2A%2C%2A
Fajne Baby;Gdańsk;Świętojańska 70/71/1, Śródmieście, Gdańsk 80-837;Desserts,Cafe,Credit Card,Dinner,Lunch,Kid Friendly,Desserts and Bakes,Indoor Seating,Vegetarian Friendly;https://b.zmtcdn.com/data/reviews_photos/329/074182cf93e0eae2aefacdcda1f6e329_1424382310.JPG?fit=around%7C200%3A200&crop=200%3A200%3B%2A%2C%2A
Drukarnia Cafe;Gdańsk;Mariacka 36, Gdańsk, Śródmieście, Gdańsk;Cafe,Credit Card,No Alcohol Available,Snacks,Indoor Seating,Beverages;https://b.zmtcdn.com/data/reviews_photos/776/d59b8d9b43f63585c8ff2849c246f776_1489912056.jpg?fit=around%7C200%3A200&crop=200%3A200%3B%2A%2C%2A
Fukafe;Gdańsk;Wajdeloty 22, Wrzeszcz, Gdańsk;Cafe,Healthy Food,Credit Card,Wifi,Gluten Free Options,Vegetarian Friendly,Indoor Seating,Vegan Options;https://b.zmtcdn.com/data/reviews_photos/db2/3e62fdc9f539f2afabe807f76cdf4db2_1470230761.jpg?fit=around%7C200%3A200&crop=200%3A200%3B%2A%2C%2A
Pijalnia Czekolady Mount Blanc;Gdańsk;al. Grunwaldzka 141, Wrzeszcz, Gdańsk 80-264;Desserts,Cafe,Dinner,Free Parking,Pet Friendly,Desserts and Bakes,Indoor Seating;
A La Française;Gdańsk;ul. Spichrzowa 24/1, Śródmieście, Gdańsk 80-750;French,Desserts,Healthy Food,Cafe,Credit Card,Lunch,Dinner,Outdoor Seating,Disabled Friendly,Vegetarian Friendly,Free Parking,Kid Friendly,Wifi,Group Meal;https://b.zmtcdn.com/data/reviews_photos/265/2279b93710382fc4a6a286008ae85265_1524572586.jpg?fit=around%7C200%3A200&crop=200%3A200%3B%2A%2C%2A
Cafe Lamus;Gdańsk;ul. Lawendowa 8, Śródmieście, Gdańsk 80-040;Finger Food,Desserts,Cafe;https://b.zmtcdn.com/data/reviews_photos/dd5/51f6932986850fc2a187fccae6808dd5_1424386090.JPG?fit=around%7C200%3A200&crop=200%3A200%3B%2A%2C%2A
Palarnia Kawy;Gdańsk;Tkacka 7/8, Śródmieście, Gdańsk 80-836;Finger Food,Desserts,Cafe;
Lookier Cafe;Gdańsk;Długa 39, Śródmieście, Gdańsk 80-826;International,Cafe,Lunch,Dinner,Indoor Seating;https://b.zmtcdn.com/data/reviews_photos/500/2648b3b1a262ecc1d79c15a8839d8500_1474803313.jpg?fit=around%7C200%3A200&crop=200%3A200%3B%2A%2C%2A
Ikea;Gdańsk;Złota Karczma 26, Kokoszki, Gdańsk 80-298;European,Desserts,Finger Food,Cafe,Credit Card,Dinner,Lunch,Serves Alcohol,Indoor Seating,Disabled Friendly,Wifi,Group Meal,Free Parking,Kid Friendly,Pet Friendly,Vegetarian Friendly;
Zappio Restaurant & Pub;Gdańsk;Świętojańska 49, Śródmieście, Gdańsk 80-840;Polish,Cafe,Dinner,Credit Card,Lunch,Serves Alcohol,Live Music,Indoor Seating,Fullbar,Pet Friendly;https://b.zmtcdn.com/data/reviews_photos/db3/1d3db0b566c32833e6440513f589adb3_1471964129.jpg?fit=around%7C200%3A200&crop=200%3A200%3B%2A%2C%2A
Loveat;Gdańsk;Klonowa 4D, Wrzeszcz, Gdańsk;Healthy Food,Cafe,Dinner,Credit Card,Indoor Seating,Pet Friendly,Vegetarian Friendly,Free Parking;
Balsam Cafe;Gdańsk;Piwna 66, Wrzeszcz, Gdańsk 80-834;Finger Food,Cafe,Credit Card,Dinner,Serves Alcohol,Kid Friendly,Pet Friendly,Outdoor Seating,Cigar Bar,Wifi,Group Meal;https://b.zmtcdn.com/data/reviews_photos/4ba/daab8d016d7a31359e7f9f7c5ee864ba_1427620833.jpg?fit=around%7C200%3A200&crop=200%3A200%3B%2A%2C%2A
Cukiernia Adam Sowa;Gdańsk;Węglarska 1, Śródmieście, Gdańsk 80-834;Desserts,Cafe,Dinner,Outdoor Seating,Desserts and Bakes;
Lodziarnia Grycan;Gdańsk;Długa 73, Śródmieście, Gdańsk 80-831;Desserts,Cafe,Ice Cream,Credit Card,Dinner,Lunch,Kid Friendly,Group Meal,Indoor Seating,Vegetarian Friendly;https://b.zmtcdn.com/data/reviews_photos/9a7/43e731dec1f287d0b27074844f04c9a7_1460218977.jpg?fit=around%7C200%3A200&crop=200%3A200%3B%2A%2C%2A
Mitte - Chleb i Kawa;Gdańsk;ul. Rzeźnicka 47B, Śródmieście, Gdańsk 80-822;Kebab,Desserts,Cafe,American,Credit Card,Lunch,Dinner,Outdoor Seating,Free Parking,Vegetarian Friendly;https://b.zmtcdn.com/data/reviews_photos/bdc/4a3f40360cceb221e87badeb396c0bdc_1468263893.jpg?fit=around%7C200%3A200&crop=200%3A200%3B%2A%2C%2A
Mandu;Gdańsk;Kaprów 19D, Oliwa, Gdańsk 80-316;Polish,Korean,Chinese,Georgian,Credit Card,Dinner,Lunch,Kid Friendly,Group Meal,Indoor Seating,Vegetarian Friendly;https://b.zmtcdn.com/data/reviews_photos/148/b0cd395fe9ec3b30f4ce9075c29d2148_1559799246.jpg?fit=around%7C200%3A200&crop=200%3A200%3B%2A%2C%2A
Pobite Gary;Gdańsk;ul. Bitwy Oliwskiej 34, Oliwa, Gdańsk 80-339;International,Credit Card,Dinner,Lunch,Serves Alcohol,Indoor Seating,Wifi,Group Meal,Free Parking,Kid Friendly,Vegetarian Friendly;https://b.zmtcdn.com/data/reviews_photos/5ff/6037a40c797fd56cd9bad84213be85ff_1566383902.JPG?fit=around%7C200%3A200&crop=200%3A200%3B%2A%2C%2A
Restauracja Pueblo;Gdańsk;Kołodziejska 4, Śródmieście, Gdańsk 80-836;Mexican,Credit Card,Lunch,Serves Alcohol,Dinner,Outdoor Seating,Pet Friendly,Group Meal,Free Parking,Kid Friendly,Vegetarian Friendly;https://b.zmtcdn.com/data/reviews_photos/17a/41152e9663771e93856a362fb922817a_1565860104.jpg?fit=around%7C200%3A200&crop=200%3A200%3B%2A%2C%2A
Smażalnia Ryb Zagroda Rybacka;Gdańsk;Miła 14, Brzeźno, Gdańsk 80-512;Polish,Mediterranean,Kebab,Seafood,Credit Card,Lunch,Serves Alcohol,Dinner,Kid Friendly,Vegetarian Friendly,Outdoor Seating,Wifi,Group Meal,Fullbar;https://b.zmtcdn.com/data/res_imagery/16534826_RESTAURANT_d6f6fcfe95e368f7dfdb10bca7b9a917.jpg?fit=around%7C200%3A200&crop=200%3A200%3B%2A%2C%2A
Kawiarnia Pikawa;Gdańsk;Piwna 15, Śródmieście, Gdańsk 80-831;Desserts,Cafe,Dinner,Credit Card,Lunch,Serves Alcohol,Wifi,Group Meal,Kid Friendly,Disabled Friendly,Vegetarian Friendly,Outdoor Seating,Cigar Bar,Pet Friendly;https://b.zmtcdn.com/data/reviews_photos/67a/0913d62f227a808c79c0e8badf6f767a_1543354927.jpg?fit=around%7C200%3A200&crop=200%3A200%3B%2A%2C%2A
Sempre Pizza e Vino - Gdańsk Długa;Gdańsk;Długa 6/7/8, Śródmieście, Gdańsk 80-827;Italian,Finger Food,Pizza,Lunch,Serves Alcohol,Credit Card,Dinner,Pet Friendly,Vegetarian Friendly,Wine,Outdoor Seating,Kid Friendly,Wifi,Group Meal,Beer,Free Parking;https://b.zmtcdn.com/data/reviews_photos/d7d/c4f41c4e73176ec0880515e798fe3d7d_1565859923.jpg?fit=around%7C200%3A200&crop=200%3A200%3B%2A%2C%2A
Original Burger;Gdańsk;Długa 47/49, Śródmieście, Gdańsk 80-831;American,Burger,Finger Food,Desserts,Healthy Food,Credit Card,Delivery,Dinner,Lunch,Serves Alcohol,Kid Friendly,Vegetarian Friendly,Outdoor Seating,Wifi,Group Meal;https://b.zmtcdn.com/data/reviews_photos/588/0c028604610c83499c60d580cde64588_1472578113.jpg?fit=around%7C200%3A200&crop=200%3A200%3B%2A%2C%2A
Restauracja Basia Ritz;Gdańsk;Szafarnia 6, Śródmieście, Gdańsk 80-755;Polish,International,Serves Alcohol,Credit Card,Lunch,Dinner,Outdoor Seating,Vegetarian Friendly,Free Parking,Kid Friendly,Group Meal;https://b.zmtcdn.com/data/reviews_photos/bdf/484f03308f45b5db979acc2c7a5d9bdf_1551681060.jpg?fit=around%7C200%3A200&crop=200%3A200%3B%2A%2C%2A
La Cucina;Gdańsk;ul. Szeroka 86, Śródmieście, Gdańsk 80-835;Italian,Pizza,Finger Food,Credit Card,Lunch,Serves Alcohol,Dinner,Indoor Seating,Group Meal,Free Parking,Vegetarian Friendly,Live Sports Screening;https://b.zmtcdn.com/data/reviews_photos/638/73dbefd28054a9f8ebc4ed560393e638_1565859996.jpg?fit=around%7C200%3A200&crop=200%3A200%3B%2A%2C%2A
Anima Cafe;Gdańsk;św. Ducha 11/13/17, Śródmieście, Gdańsk;Cafe,Credit Card,Lunch,Breakfast,Dinner,Indoor Seating;https://b.zmtcdn.com/data/reviews_photos/06e/0e5f304437159004aed60a6a6c65b06e_1507119973.JPG?fit=around%7C200%3A200&crop=200%3A200%3B%2A%2C%2A
Billy's American Restaurant;Gdańsk;Rajska 10, Śródmieście, Gdańsk 80-851;American,Finger Food,Burger,Steak,Credit Card,Lunch,Serves Alcohol,Dinner,Kid Friendly,Group Meal,Outdoor Seating,Vegetarian Friendly;https://b.zmtcdn.com/data/reviews_photos/e18/cececacb11f47d6dc72b1a0bcf946e18_1524422682.jpg?fit=around%7C200%3A200&crop=200%3A200%3B%2A%2C%2A
Trattoria La Cantina;Gdańsk;Dębinki 7D/1, Aniołki, Gdańsk 80-211;Italian,Pizza,Finger Food,Healthy Food,Dinner,Credit Card,Lunch,Serves Alcohol,Vegetarian Friendly,Outdoor Seating,Kid Friendly,Group Meal,Free Parking;https://b.zmtcdn.com/data/reviews_photos/c7d/8a317e68bd489f0dabb82b401f4f6c7d_1501346654.jpg?fit=around%7C200%3A200&crop=200%3A200%3B%2A%2C%2A
Bar Pod Rybą;Gdańsk;Piwna 61/63, Śródmieście, Gdańsk 80-830;Polish,Credit Card,Lunch,Serves Alcohol,Dinner,Pet Friendly,Vegetarian Friendly,Outdoor Seating,Wifi,Group Meal;https://b.zmtcdn.com/data/reviews_photos/436/c8df1c103e2b2d4d904f7c83ed8ef436_1565299677.JPG?fit=around%7C200%3A200&crop=200%3A200%3B%2A%2C%2A
Cico;Gdańsk;Piwna 28/30, Śródmieście, Gdańsk 80-831;Others,Dinner,Serves Alcohol,Credit Card,Lunch,DJ,Free Parking,Kid Friendly,Wifi,Group Meal,Nightlife,Outdoor Seating,Pet Friendly,Vegetarian Friendly,Dance Floor;
Lao Thai;Gdańsk;Targ Rybny 11, Śródmieście, Gdańsk 80-838;Thai,Asian,Finger Food,Credit Card,Delivery,Dinner,Lunch,Serves Alcohol,Kid Friendly,Vegetarian Friendly,Lunch Menu,Indoor Seating,Pet Friendly,Group Meal;https://b.zmtcdn.com/data/reviews_photos/322/6625750c4de009a1086d2303401f0322_1515948351.jpg?fit=around%7C200%3A200&crop=200%3A200%3B%2A%2C%2A
Kawior;Gdańsk;ul. Brzeźnieńska 18, Brzeźno, Gdańsk 80-815;Polish,European,Burger,Healthy Food,Credit Card,Lunch,Serves Alcohol,Dinner,Outdoor Seating,Pet Friendly,Vegetarian Friendly,Live Sports Screening,Free Parking,Kid Friendly,Wifi,Group Meal;https://b.zmtcdn.com/data/reviews_photos/b83/5be393575a342ebdb5c99d4138f12b83_1507489543.jpg?fit=around%7C200%3A200&crop=200%3A200%3B%2A%2C%2A
Restauracja Metamorfoza;Gdańsk;Szeroka 22/23, Śródmieście, Gdańsk 80-835;Polish,Credit Card,Lunch,Serves Alcohol,Dinner,Outdoor Seating,Vegetarian Friendly,Free Parking,Pet Friendly,Group Meal;https://b.zmtcdn.com/data/reviews_photos/944/394a46e4a2a4983007a97ac34ca6a944_1443163210.jpg?fit=around%7C200%3A200&crop=200%3A200%3B%2A%2C%2A
Avocado vegan & eko;Gdańsk;ul. Wajdeloty 25/1, Wrzeszcz, Gdańsk 80-437;International,Finger Food,Desserts,Credit Card,Dinner,Lunch,Kid Friendly,Group Meal,Outdoor Seating,Vegetarian Friendly;https://b.zmtcdn.com/data/reviews_photos/8ee/cdc8cf58979ce674dbcb458eafef28ee_1507123798.JPG?fit=around%7C200%3A200&crop=200%3A200%3B%2A%2C%2A
Krowa i Kurczak;Gdańsk;Grunwaldzka 355, Oliwa, Gdańsk 80-309;Polish,European,Grill,Lunch,Dinner,Indoor Seating;https://b.zmtcdn.com/data/reviews_photos/c2e/1d3c3a7af3e129fb062049dd4c27ac2e_1515359710.jpg?fit=around%7C200%3A200&crop=200%3A200%3B%2A%2C%2A
Restauracja Panorama;Gdańsk;Wały Piastowskie 1, Śródmieście, Gdańsk 80-855;Mediterranean,European,Credit Card,Dinner,Lunch,Serves Alcohol,Kid Friendly,Vegetarian Friendly,Indoor Seating,Pet Friendly,Group Meal;https://b.zmtcdn.com/data/reviews_photos/eb3/50062a99f14b6a66f278a8d06eb7eeb3_1530990912.JPG?fit=around%7C200%3A200&crop=200%3A200%3B%2A%2C%2A
Ed Red;Kraków;Sławkowska 3, Stare Miasto, Kraków 31-014;Polish,Dinner,Credit Card,Lunch,Serves Alcohol,Takeaway Available,Fullbar,Lunch Menu,Indoor Seating,Wifi;https://b.zmtcdn.com/data/res_imagery/16528637_RESTAURANT_6386081be2ececf714023976db07522c.jpg?fit=around%7C200%3A200&crop=200%3A200%3B%2A%2C%2A
Hamsa;Kraków;Szeroka 2, Kazimierz, Kraków Krakow;Israeli,Jewish,Credit Card,Dinner,Takeaway Available,Lunch,Serves Alcohol,Indoor Seating,Pet Friendly,Gluten Free Options,Vegetarian Friendly,Fullbar,Outdoor Seating,Kid Friendly,Wifi,Vegan Options,Group Meal,Snacks;https://b.zmtcdn.com/data/res_imagery/16528409_RESTAURANT_9a0c1b976f9ba1c6b7fb282dd7ff5008_c.jpg?fit=around%7C200%3A200&crop=200%3A200%3B%2A%2C%2A
Camelot;Kraków;Św. Tomasza 17, Stare Miasto, Kraków;Cafe,Desserts,European,Takeaway Available,Breakfast,Lunch,Serves Alcohol,Outdoor Seating,Wifi,Pet Friendly,Fullbar;https://b.zmtcdn.com/data/res_imagery/10400574_RESTAURANT_c123a260062aaafaa7aeb9b74faac3ac_c.jpg?fit=around%7C200%3A200&crop=200%3A200%3B%2A%2C%2A
Boscaiola;Kraków;Szewska 10, Stare Miasto, Kraków;Italian,Desserts,Pizza,Credit Card,Takeaway Available,Lunch,Serves Alcohol,Dinner,Kid Friendly,Wifi,Outdoor Seating,Disabled Friendly,Fullbar;https://b.zmtcdn.com/data/res_imagery/10400261_RESTAURANT_02be30f52b9adaa1d40dcc4395660521_c.jpg?fit=around%7C200%3A200&crop=200%3A200%3B%2A%2C%2A
Zazie Bistro;Kraków;Józefa 34, Kazimierz, Kraków;French,Credit Card,Takeaway Available,Dinner,Lunch,Serves Alcohol,Kid Friendly,Wifi,Lunch Menu,Beer,Indoor Seating,Pet Friendly,Vegetarian Friendly,Wine;https://b.zmtcdn.com/data/res_imagery/16528402_RESTAURANT_1d9f0e6e5532c86e57900e571dac056c.jpg?fit=around%7C200%3A200&crop=200%3A200%3B%2A%2C%2A
Moa Burger;Kraków;Mikołajska 3, Stare Miasto, Kraków;Burger,Dinner,Credit Card,Takeaway Available,No Alcohol Available,Lunch,Serves Alcohol,Kid Friendly,Wifi,Indoor Seating,Pet Friendly;https://b.zmtcdn.com/data/reviews_photos/4fc/04ff2f672dcab2e8d6897ae2a76764fc_1565416306.jpg?fit=around%7C200%3A200&crop=200%3A200%3B%2A%2C%2A
Dynia Resto Bar;Kraków;Krupnicza 20, Stare Miasto, Kraków;International,Credit Card,Dinner,Takeaway Available,Breakfast,Lunch,Serves Alcohol,Pet Friendly,Gluten Free Options,Vegan Options,Fullbar,Outdoor Seating,Kid Friendly,Wifi;https://b.zmtcdn.com/data/res_imagery/10400383_RESTAURANT_ed53612d51b33e33a7571fa1c3be2329.jpg?fit=around%7C200%3A200&crop=200%3A200%3B%2A%2C%2A
Stara Zajezdnia;Kraków;Św. Wawrzyńca 12, Kazimierz, Kraków;Polish,International,Credit Card,Lunch,Serves Alcohol,Takeaway Available,Dinner,Indoor Seating,Pet Friendly,Gluten Free Options,Live Sports Screening,Outdoor Seating,Kid Friendly,Wifi,Vegetarian Friendly,Fullbar;https://b.zmtcdn.com/data/res_imagery/16528778_RESTAURANT_d5cc0b0d2f7128b42aa5005ce0212e16_c.jpg?fit=around%7C200%3A200&crop=200%3A200%3B%2A%2C%2A
Pod Norenami;Kraków;Krupnicza 6, Stare Miasto, Kraków;Asian,Healthy Food,Sushi,Japanese,Thai,Credit Card,Delivery,Dinner,Takeaway Available,Lunch,Serves Alcohol,Kid Friendly,Gluten Free Options,Vegan Options,Fullbar,Indoor Seating,Wifi,Board Games;https://b.zmtcdn.com/data/res_imagery/16528994_RESTAURANT_91d6693b02c185a6c24f1a7b7f1d94be.jpg?fit=around%7C200%3A200&crop=200%3A200%3B%2A%2C%2A
Nowa Prowincja;Kraków;Bracka 3-5, Stare Miasto, Kraków;Cafe,Breakfast,Dinner,Credit Card,Lunch,Serves Alcohol,Live Music,Outdoor Seating,Pet Friendly,Fullbar,Indoor Seating,Wifi,Board Games;https://b.zmtcdn.com/data/res_imagery/16528759_RESTAURANT_661499b9e65f2d2f576fae72fb7d5b70.jpg?fit=around%7C200%3A200&crop=200%3A200%3B%2A%2C%2A
Wesoła Cafe;Kraków;Rakowicka 17/2, Grzegórzki, Kraków;Cafe,Takeaway Available,Breakfast,Serves Alcohol,Lunch,Credit Card,Wifi,Beer,Live Music,Indoor Seating,Disabled Friendly,Wine,Kid Friendly,Pet Friendly;https://b.zmtcdn.com/data/res_imagery/10400444_RESTAURANT_d736ba8f1074e7b19b89b4380efd5fce_c.jpg?fit=around%7C200%3A200&crop=200%3A200%3B%2A%2C%2A
Kuchnia u Doroty;Kraków;Augustiańska 4, Kazimierz, Kraków;Polish,Credit Card,Takeaway Available,Breakfast,Lunch,Serves Alcohol,Dinner,Kid Friendly,Wifi,Wine,Indoor Seating,Disabled Friendly,Gluten Free Options,Lunch Menu,Beer;https://b.zmtcdn.com/data/res_imagery/10400367_RESTAURANT_da44e521a8547708017b9fbb0793879f_c.JPG?fit=around%7C200%3A200&crop=200%3A200%3B%2A%2C%2A
Pino;Kraków;Szczepańska 4, Stare Miasto, Kraków;European,Pizza,Burger,Seafood,Credit Card,Lunch,Serves Alcohol,Takeaway Available,Dinner,Indoor Seating,Fullbar;https://b.zmtcdn.com/data/res_imagery/10401036_RESTAURANT_fc113d5227cf1a1e258fd803c3ee1d7d_c.jpg?fit=around%7C200%3A200&crop=200%3A200%3B%2A%2C%2A
C.K. Browar;Kraków;Podwale 6/7, Stare Miasto, Kraków;Polish,Austrian,Hungarian,Credit Card,Takeaway Available,Lunch,Serves Alcohol,Dinner,Kid Friendly,Wifi,Live Entertainment,Nightlife,Indoor Seating,Pet Friendly,Group Meal,Live Sports Screening,Fullbar;https://b.zmtcdn.com/data/res_imagery/16528957_RESTAURANT_8cd83eeaa11a8e88f24409ef2a2f205f_c.jpg?fit=around%7C200%3A200&crop=200%3A200%3B%2A%2C%2A
Morskie Oko;Kraków;Pl. Szczepański 8, Stare Miasto, Kraków;Polish,Takeaway Available,Lunch,Serves Alcohol,Credit Card,Dinner,Live Music,Outdoor Seating,Wifi,Kid Friendly,Fullbar;https://b.zmtcdn.com/data/res_imagery/10400290_RESTAURANT_27fc4dc645e0c78f723e0dde5fd7927c_c.jpg?fit=around%7C200%3A200&crop=200%3A200%3B%2A%2C%2A
Forum Przestrzenie;Kraków;Konopnickiej 28, Dębniki, Kraków;Mediterranean,Dinner,Credit Card,Takeaway Available,Breakfast,Lunch,Serves Alcohol,Live Music,Outdoor Seating,Pet Friendly,Board Games,Fullbar,Kid Friendly,Wifi;https://b.zmtcdn.com/data/res_imagery/10400697_RESTAURANT_a983ff5aac8d9ae362cf98cf89d15f28_c.jpg?fit=around%7C200%3A200&crop=200%3A200%3B%2A%2C%2A
Youmiko Sushi;Kraków;Józefa 2, Kazimierz, Kraków;Sushi,Seafood,Japanese,Asian,No Alcohol Available,Dinner,Cash,Takeaway Available,Lunch,Serves Alcohol,Lunch Menu,Street Parking,Indoor Seating,Wifi,Vegetarian Friendly,Pet Friendly,Gluten Free Options;https://b.zmtcdn.com/data/res_imagery/10400583_RESTAURANT_9acc12b9c2e17f61eb37ff2999475d0d.jpg?fit=around%7C200%3A200&crop=200%3A200%3B%2A%2C%2A
Mamma Mia;Kraków;Karmelicka 14, Stare Miasto, Kraków;Italian,Pizza,Serves Alcohol,Credit Card,Takeaway Available,Lunch,Dinner,Table reservation required,Indoor Seating,Wifi,Outdoor Seating,Kid Friendly,Fullbar;https://b.zmtcdn.com/data/res_imagery/16528876_RESTAURANT_64e3fb9bea446da4a67cdea628d4e28c_c.jpg?fit=around%7C200%3A200&crop=200%3A200%3B%2A%2C%2A
Chimera;Kraków;Św. Anny 3, Stare Miasto, Krakow;Polish,Takeaway Available,Breakfast,Lunch,Serves Alcohol,Credit Card,Dinner,Live Music,Outdoor Seating,Pet Friendly,Wifi,Vegan Options,Kid Friendly,Smoking Area,Gluten Free Options,Vegetarian Friendly,Fullbar;https://b.zmtcdn.com/data/res_imagery/10400531_RESTAURANT_59ad9f6f10452b705a92598579bcd3ae_c.jpg?fit=around%7C200%3A200&crop=200%3A200%3B%2A%2C%2A
Kolanko No 6;Kraków;Józefa 17, Kazimierz, Kraków;Cafe,International,Lunch,Serves Alcohol,Dinner,Credit Card,Takeaway Available,Breakfast,Nightlife,Live Music,Outdoor Seating,Pet Friendly,Vegetarian Friendly,Lunch Menu,Fullbar,Kid Friendly,Wifi,Board Games;https://b.zmtcdn.com/data/res_imagery/16528407_RESTAURANT_ba1871bc1cd71179e4b973934178be82.jpg?fit=around%7C200%3A200&crop=200%3A200%3B%2A%2C%2A
Camelot;Kraków;Św. Tomasza 17, Stare Miasto, Kraków;Cafe,Desserts,European,Takeaway Available,Breakfast,Lunch,Serves Alcohol,Outdoor Seating,Wifi,Pet Friendly,Fullbar;https://b.zmtcdn.com/data/res_imagery/10400574_RESTAURANT_c123a260062aaafaa7aeb9b74faac3ac_c.jpg?fit=around%7C200%3A200&crop=200%3A200%3B%2A%2C%2A
Nowa Prowincja;Kraków;Bracka 3-5, Stare Miasto, Kraków;Cafe,Breakfast,Dinner,Credit Card,Lunch,Serves Alcohol,Live Music,Outdoor Seating,Pet Friendly,Fullbar,Indoor Seating,Wifi,Board Games;https://b.zmtcdn.com/data/res_imagery/16528759_RESTAURANT_661499b9e65f2d2f576fae72fb7d5b70.jpg?fit=around%7C200%3A200&crop=200%3A200%3B%2A%2C%2A
Wesoła Cafe;Kraków;Rakowicka 17/2, Grzegórzki, Kraków;Cafe,Takeaway Available,Breakfast,Serves Alcohol,Lunch,Credit Card,Wifi,Beer,Live Music,Indoor Seating,Disabled Friendly,Wine,Kid Friendly,Pet Friendly;https://b.zmtcdn.com/data/res_imagery/10400444_RESTAURANT_d736ba8f1074e7b19b89b4380efd5fce_c.jpg?fit=around%7C200%3A200&crop=200%3A200%3B%2A%2C%2A
Charlotte;Kraków;Pl. Szczepański 2, Stare Miasto, Kraków;Bakery,Cafe,French,Credit Card,Breakfast,Serves Alcohol,Indoor Seating,Pet Friendly,Kid Friendly,Wifi,Gluten Free Options,Vegan Options,Wine;https://b.zmtcdn.com/data/res_imagery/10400227_RESTAURANT_9f05091facc2b59da3a28bd20ad7f595_c.jpg?fit=around%7C200%3A200&crop=200%3A200%3B%2A%2C%2A
Pijalnia Czekolady Wedel;Kraków;Rynek Główny 46, Stare Miasto, Kraków Krakow;Desserts,Cafe,Credit Card,Serves Alcohol,Kid Friendly,Fullbar,Outdoor Seating,Wifi,Gluten Free Options,Desserts and Bakes;https://b.zmtcdn.com/data/res_imagery/10400224_RESTAURANT_4d1091348f4c3adc967ea59cea42d21f_c.jpg?fit=around%7C200%3A200&crop=200%3A200%3B%2A%2C%2A
Kolanko No 6;Kraków;Józefa 17, Kazimierz, Kraków;Cafe,International,Lunch,Serves Alcohol,Dinner,Credit Card,Takeaway Available,Breakfast,Nightlife,Live Music,Outdoor Seating,Pet Friendly,Vegetarian Friendly,Lunch Menu,Fullbar,Kid Friendly,Wifi,Board Games;https://b.zmtcdn.com/data/res_imagery/16528407_RESTAURANT_ba1871bc1cd71179e4b973934178be82.jpg?fit=around%7C200%3A200&crop=200%3A200%3B%2A%2C%2A
Meho Cafe;Kraków;Krupnicza 26, Stare Miasto, Kraków;Cafe,Takeaway Available,Breakfast,Serves Alcohol,Credit Card,Live Music,Outdoor Seating,Kid Friendly,Wifi,Indoor Seating,Pet Friendly,Gluten Free Options,Vegan Options,Fullbar;https://b.zmtcdn.com/data/reviews_photos/a0c/3fba78de33b2a7d665ae721d07042a0c_1495107100.jpg?fit=around%7C200%3A200&crop=200%3A200%3B%2A%2C%2A
Bunkier Cafe;Kraków;Pl. Szczepański 3A, Stare Miasto, Kraków;Cafe,European,Mediterranean,Breakfast,Lunch,Serves Alcohol,Credit Card,Dinner,Kid Friendly,Pet Friendly,Vegan Options,Fullbar,Outdoor Seating,Disabled Friendly,Wifi,Gluten Free Options;https://b.zmtcdn.com/data/res_imagery/10400274_RESTAURANT_3466e284a2ed979973ccea20215f442e_c.jpg?fit=around%7C200%3A200&crop=200%3A200%3B%2A%2C%2A
Barfly;Kraków;Józefa 15, Kazimierz, Kraków;Polish,Cafe,Credit Card,Breakfast,Dinner,Lunch,Indoor Seating,Wifi,Vegan Options,Fullbar,Outdoor Seating,Kid Friendly,Vegetarian Friendly,Lunch Menu;https://b.zmtcdn.com/data/res_imagery/16528729_RESTAURANT_fa093408cf95afb044faadf1bef76817_c.jpg?fit=around%7C200%3A200&crop=200%3A200%3B%2A%2C%2A
Dziórawy Kocioł;Kraków;Grodzka 50/1, Stare Miasto, Kraków;Cafe,Coffee and Tea,Beverages,Desserts,Finger Food,Cash,Kid Friendly,Desserts and Bakes,Live Entertainment,Beverages,Indoor Seating,Group Meal,Beer,Snacks;https://b.zmtcdn.com/data/res_imagery/10401350_RESTAURANT_6d99e76ae82b46000417817e99592c1f.jpg?fit=around%7C200%3A200&crop=200%3A200%3B%2A%2C%2A
Mo-ja Café&Bistro;Kraków;Starowiślna 14, Stare Miasto, Kraków;Coffee and Tea,Desserts,European,Tea,Cafe,Ice Cream,International,Beverages,Cash,Takeaway Available,No Alcohol Available,Lunch,Credit Card,Breakfast,Desserts and Bakes,Visa for Credit Card,Indoor Seating,Pet Friendly,Group Meal,Street Parking,Kid Friendly,Gluten Free Options,Lunch Menu,Snacks,Air Conditioned,Vegan Options,MasterCard for Credit Card,Beverages,Outdoor Seating,Wifi,Vegetarian Friendly;https://b.zmtcdn.com/data/res_imagery/18298410_RESTAURANT_c89eebfd8bfba232ce106401df1997ca.jpg?fit=around%7C200%3A200&crop=200%3A200%3B%2A%2C%2A
Słodki Wentzl;Kraków;Rynek Główny 19, Stare Miasto, Kraków;Cafe,Desserts,Credit Card,Serves Alcohol,Takeaway Available,Indoor Seating,Pet Friendly,Desserts and Bakes,Outdoor Seating,Disabled Friendly,Wifi,Fullbar;https://b.zmtcdn.com/data/res_imagery/16528810_RESTAURANT_aaab5f88c6c4ea6416eca8dba6447399_c.jpg?fit=around%7C200%3A200&crop=200%3A200%3B%2A%2C%2A
Mleczarnia;Kraków;Meiselsa 17 i 20, Kazimierz, Kraków;Finger Food,Cafe,Drinks Only,Credit Card,Lunch,Serves Alcohol,Kid Friendly,Pet Friendly,Wifi,Nightlife,Snacks,Outdoor Seating,Disabled Friendly,Smoking Area,Fullbar,Beverages;https://b.zmtcdn.com/data/res_imagery/10400133_RESTAURANT_39038d8a56bfe19f9c9eb96ff11bbc7d_c.jpg?fit=around%7C200%3A200&crop=200%3A200%3B%2A%2C%2A
Warsztat;Kraków;Bożego Ciała 1, Kazimierz, Krakow;Italian,Cafe,Credit Card,Takeaway Available,Breakfast,Lunch,Serves Alcohol,Dinner,Kid Friendly,Wifi,Outdoor Seating,Pet Friendly,Vegetarian Friendly,Fullbar;https://b.zmtcdn.com/data/res_imagery/16528752_RESTAURANT_74c22c0c53fd0ffd29cfced01e9bd740_c.jpg?fit=around%7C200%3A200&crop=200%3A200%3B%2A%2C%2A
Tektura;Kraków;Krupnicza 7, Stare Miasto, Kraków;Cafe,Healthy Food,Desserts,Lunch,Credit Card,Breakfast,Takeaway Available,Vegan Options,Board Games,Indoor Seating,Pet Friendly,Gluten Free Options,Outdoor Seating,Kid Friendly;https://b.zmtcdn.com/data/res_imagery/16529070_RESTAURANT_26966ea619fff21f9b905a881242284c_c.jpg?fit=around%7C200%3A200&crop=200%3A200%3B%2A%2C%2A
Sweet Life;Kraków;Warszawska 7, Kleparz, Kraków;American,Coffee and Tea,Desserts,Credit Card,Takeaway Available,Breakfast,No Alcohol Available,Lunch,Kid Friendly,Vegan Options,Indoor Seating,Gluten Free Options,Vegetarian Friendly;https://b.zmtcdn.com/data/res_imagery/10401333_RESTAURANT_753afbb3da9cb033077b630696bb4220.jpg?fit=around%7C200%3A200&crop=200%3A200%3B%2A%2C%2A
Cafe Bar Magia;Kraków;Pl. Mariacki 3, Stare Miasto, Krakow;Cafe,Credit Card,Takeaway Available,Breakfast,Serves Alcohol,Kid Friendly,Wifi,Vegan Options,Nightlife,Outdoor Seating,Pet Friendly,Gluten Free Options,Vegetarian Friendly,Board Games;https://b.zmtcdn.com/data/res_imagery/10400597_RESTAURANT_c0f7b0376c9628d72568f20b83bcc47c_c.jpg?fit=around%7C200%3A200&crop=200%3A200%3B%2A%2C%2A
Ariel;Kraków;Szeroka 18, Kazimierz, Kraków;Jewish,Cafe,Lunch,Serves Alcohol,Credit Card,Dinner,Live Music,Indoor Seating,Pet Friendly,Vegetarian Friendly,Kid Friendly,Wifi,Gluten Free Options,Fullbar;https://b.zmtcdn.com/data/res_imagery/16528573_RESTAURANT_e14bc1aa64a74f58e8befb08da56c1bc_c.jpg?fit=around%7C200%3A200&crop=200%3A200%3B%2A%2C%2A
Cupcake Corner;Kraków;Bracka 4, Stare Miasto, Kraków;Cafe,Desserts,Credit Card,Takeaway Available,Breakfast,Kid Friendly,Wifi,Indoor Seating,Pet Friendly,Gluten Free Options,Vegan Options,Desserts and Bakes;https://b.zmtcdn.com/data/res_imagery/16528954_RESTAURANT_726edbf1490e9de519d812cb87c5c08f_c.jpg?fit=around%7C200%3A200&crop=200%3A200%3B%2A%2C%2A
Mazaya Falafel;Kraków;Grzegórzecka 40, Grzegórzki, Kraków;Lebanese,Cash,Breakfast,Dinner,No Alcohol Available,Lunch,Indoor Seating;https://b.zmtcdn.com/data/reviews_photos/f70/d52422020eea13a213d99ea440325f70_1511901655.jpg?fit=around%7C200%3A200&crop=200%3A200%3B%2A%2C%2A